"Source:","/home/timicasto/Projects/LightningReed/LightningReed.kicad_sch"
"Date:","Wed 21 Jun 2023 04:21:40 AM CST"
"Tool:","Eeschema 7.99.0-950-gc4668c1d3a-dirty"
"Generator:","/usr/share/kicad-nightly/plugins/bom_csv_grouped_by_value_with_fp.py"
"Component Count:","163"
"Ref","Qnty","Value","Cmp name","Footprint","Description","Vendor","DNP"
"C1","1","470nF","C_Small","LightningReed:C_Rect_L10.0mm_W6.0mm_P7.50mm_MKS4","Unpolarized capacitor, small symbol","",""
"C2","1","220nF","C_Small","LightningReed:C_Rect_L10.0mm_W6.0mm_P7.50mm_MKS4","Unpolarized capacitor, small symbol","",""
"C3, C19","2","470nF","C_Small","Capacitor_SMD:C_1812_4532Metric","Unpolarized capacitor, small symbol","",""
"C4","1","10pF","C_Small","Capacitor_SMD:C_0805_2012Metric","Unpolarized capacitor, small symbol","",""
"C5","1","3900pF","C_Small","Capacitor_SMD:C_0603_1608Metric","Unpolarized capacitor, small symbol","",""
"C6, C11, C12, C13, C15, C25, C44, C45, C46","9","1uF","C_Small","Capacitor_SMD:C_0603_1608Metric","Unpolarized capacitor, small symbol","",""
"C7","1","33nF","C_Small","Capacitor_SMD:C_0603_1608Metric","Unpolarized capacitor, small symbol","",""
"C8, C14, C17, C31, C32, C38","6","220pF","C_Small","Capacitor_SMD:C_0603_1608Metric","Unpolarized capacitor, small symbol","",""
"C9","1","2200pF","C_Small","Capacitor_SMD:C_0603_1608Metric","Unpolarized capacitor, small symbol","",""
"C10","1","68uF","C_Polarized","Capacitor_THT:CP_Radial_D18.0mm_P7.50mm","Polarized capacitor","",""
"C16","1","100nF","C_Small","Capacitor_SMD:C_0805_2012Metric","Unpolarized capacitor, small symbol","",""
"C18","1","100nF","C_Small","Capacitor_SMD:C_1206_3216Metric","Unpolarized capacitor, small symbol","",""
"C20, C21, C22","3","330nF","C_Small","Capacitor_SMD:C_1210_3225Metric","Unpolarized capacitor, small symbol","",""
"C23","1","47nF","C_Small","Capacitor_SMD:C_0603_1608Metric","Unpolarized capacitor, small symbol","",""
"C24, C30","2","100nF","C_Small","Capacitor_SMD:C_0603_1608Metric","Unpolarized capacitor, small symbol","",""
"C26, C47","2","2.2uF","C_Small","Capacitor_SMD:C_0603_1608Metric","Unpolarized capacitor, small symbol","",""
"C27","1","4.7uF","C_Small","Capacitor_SMD:C_1210_3225Metric","Unpolarized capacitor, small symbol","",""
"C28","1","4.7uF","C_Small","Capacitor_SMD:C_0805_2012Metric","Unpolarized capacitor, small symbol","",""
"C29","1","22uF","C_Small","Capacitor_SMD:C_1210_3225Metric","Unpolarized capacitor, small symbol","",""
"C33","1","33pF","C_Small","Capacitor_SMD:C_0603_1608Metric","Unpolarized capacitor, small symbol","",""
"C34","1","22pF","C_Small","Capacitor_SMD:C_0603_1608Metric","Unpolarized capacitor, small symbol","",""
"C35","1","4.7nF","C_Small","Capacitor_SMD:C_0603_1608Metric","Unpolarized capacitor, small symbol","",""
"C36","1","10nF","C_Small","Capacitor_SMD:C_0603_1608Metric","Unpolarized capacitor, small symbol","",""
"C37","1","3.3pF","C_Small","Capacitor_SMD:C_0603_1608Metric","Unpolarized capacitor, small symbol","",""
"C39, C40, C41, C42","4","33uF","C_Small","Capacitor_SMD:C_1206_3216Metric","Unpolarized capacitor, small symbol","",""
"C43","1","680uF","C_Small","Capacitor_SMD:CP_Elec_10x10","Unpolarized capacitor, small symbol","",""
"D1","1","ES3JF","D","Diode_SMD:D_SMF","Diode","",""
"D2","1","MSB40M","D_Bridge_+-AA","LightningReed:UMSB","Diode bridge, +ve/-ve/AC/AC","",""
"D3","1","ES2JW","D_Schottky","Diode_SMD:D_SOD-123F","Schottky diode","",""
"D4","1","BZT52C16S","D_Zener_Small","Diode_SMD:D_SOD-323","Zener diode, small symbol","",""
"D5","1","DSK16","D_Schottky_Small","Diode_SMD:D_SOD-123F","Schottky diode, small symbol","",""
"D6","1","BZT52C13","D_Zener_Small","Diode_SMD:D_SOD-123","Zener diode, small symbol","",""
"D7","1","STTH1R06A","D_Schottky_Small","Diode_SMD:D_SMA","Schottky diode, small symbol","",""
"D8, D9","2","ES1JW","D_Schottky_Small","Diode_SMD:D_SOD-123F","Schottky diode, small symbol","",""
"D10","1","SD103AW","D_Schottky_Small","Diode_SMD:D_SOD-123","Schottky diode, small symbol","",""
"D11","1","BAS70WS","D_Schottky_Small","Diode_SMD:D_SOD-323","Schottky diode, small symbol","",""
"D12","1","BZX84C16","D_Zener_Small_1","Package_TO_SOT_SMD:SOT-23","Zener diode, small symbol","",""
"D13","1","MM3Z20","D_Zener_Small","Diode_SMD:D_SOD-323","Zener diode, small symbol","",""
"D14","1","MM3Z24","D_Zener_Small","Diode_SMD:D_SOD-323","Zener diode, small symbol","",""
"D15","1","RF081M2STR","D_Small","Diode_SMD:D_SOD-123","Diode, small symbol","",""
"D16","1","MM3Z10","D_Zener_Small","Diode_SMD:D_SOD-323","Zener diode, small symbol","",""
"D17","1","RFU02VSM8S","D_Schottky_Small","Diode_SMD:D_SOD-523","Schottky diode, small symbol","",""
"F1","1","JFC2410-1500TS","Fuse_Small","LightningReed:JFC2410","Fuse, small symbol","",""
"L1, L2","2","5mH","L_Coupled_Small","LightningReed:CHOKE","Coupled inductor, small symbol","",""
"L3","1","SDA0912-150uH-0.45","L_Ferrite","Inductor_THT:L_Radial_D12.0mm_P5.00mm_Fastron_11P","Inductor with ferrite core","",""
"L4","1","7447709471","L_Iron","Inductor_SMD:L_12x12mm_H8mm","Inductor with iron core","",""
"L5","1","1uH","L_Iron","LightningReed:CKST0603","Inductor with iron core","",""
"L6","1","680nH","L_Iron","Inductor_SMD:L_0805_2012Metric","Inductor with iron core","",""
"P1","1","Conn_WallPlug","Conn_WallPlug","Connector_Wire:SolderWire-1sqmm_1x02_P5.4mm_D1.4mm_OD2.7mm","3-pin general wall plug, no Earth wire (110VAC, 220VAC)","",""
"Q1","1","NCE65T180D","Q_NMOS_GDS","Package_TO_SOT_SMD:TO-263-2","N-MOSFET transistor, gate/drain/source","",""
"Q2, Q4","2","2N7002","2N7002","Package_TO_SOT_SMD:SOT-23","0.115A Id, 60V Vds, N-Channel MOSFET, SOT-23","",""
"Q3","1","1N60G","Q_NMOS_GDS","Package_TO_SOT_SMD:SOT-223-3_TabPin2","N-MOSFET transistor, gate/drain/source","",""
"Q5, Q6, Q11","3","2N7002K","2N7002K","Package_TO_SOT_SMD:SOT-23","0.38A Id, 60V Vds, N-Channel MOSFET, SOT-23","",""
"Q7, Q8","2","NCE65T260K","Q_NMOS_GDS","Package_TO_SOT_SMD:TO-252-2","N-MOSFET transistor, gate/drain/source","",""
"Q9","1","NCE0102","Q_NMOS_GSD","Package_TO_SOT_SMD:SOT-23","N-MOSFET transistor, gate/source/drain","",""
"Q10","1","DMZ6005E","Q_NMOS_GDS","Package_TO_SOT_SMD:SOT-23","N-MOSFET transistor, gate/drain/source","",""
"Q12","1","NCEP15T14D","Q_NMOS_GDS","Package_TO_SOT_SMD:TO-263-2","N-MOSFET transistor, gate/drain/source","",""
"Q13","1","BSS123","BSS123","Package_TO_SOT_SMD:SOT-23","0.17A Id, 100V Vds, N-Channel MOSFET, SOT-23","",""
"R1, R31, R35, R54","4","10","R_Small","Resistor_SMD:R_0603_1608Metric","Resistor, small symbol","",""
"R2, R3, R4, R10, R11, R12, R19, R20, R24","9","3M24","R_Small","Resistor_SMD:R_1206_3216Metric","Resistor, small symbol","",""
"R5","1","24K3","R_Small","Resistor_SMD:R_0603_1608Metric","Resistor, small symbol","",""
"R6, R7, R38, R39","4","220m","R_Small","Resistor_SMD:R_1206_3216Metric","Resistor, small symbol","",""
"R8","1","182K","R_Small","Resistor_SMD:R_0603_1608Metric","Resistor, small symbol","",""
"R9","1","750","R_Small","Resistor_SMD:R_0603_1608Metric","Resistor, small symbol","",""
"R13, R44","2","274K","R_Small","Resistor_SMD:R_0603_1608Metric","Resistor, small symbol","",""
"R14","1","64k9","R_Small","Resistor_SMD:R_0603_1608Metric","Resistor, small symbol","",""
"R15","1","2","R_Small","Resistor_SMD:R_0603_1608Metric","Resistor, small symbol","",""
"R16, R18, R28","3","100K","R_Small","Resistor_SMD:R_0603_1608Metric","Resistor, small symbol","",""
"R17","1","39K2","R_Small","Resistor_SMD:R_0603_1608Metric","Resistor, small symbol","",""
"R21, R22, R23","3","1K","R_Small","Resistor_SMD:R_1206_3216Metric","Resistor, small symbol","",""
"R25","1","3M16","R_Small","Resistor_SMD:R_0805_2012Metric","Resistor, small symbol","",""
"R26","1","178K","R_Small","Resistor_SMD:R_0603_1608Metric","Resistor, small symbol","",""
"R27","1","49K9","R_Small","Resistor_SMD:R_0603_1608Metric","Resistor, small symbol","",""
"R29, R32, R34, R56","4","10K","R_Small","Resistor_SMD:R_0603_1608Metric","Resistor, small symbol","",""
"R30","1","2M21","R_Small","Resistor_SMD:R_1206_3216Metric","Resistor, small symbol","",""
"R33","1","24.9","R_Small","Resistor_SMD:R_0603_1608Metric","Resistor, small symbol","",""
"R36","1","44K2","R_Small","Resistor_SMD:R_0603_1608Metric","Resistor, small symbol","",""
"R37","1","118K","R_Small","Resistor_SMD:R_0603_1608Metric","Resistor, small symbol","",""
"R40, R41","2","1","R_Small","Resistor_SMD:R_0805_2012Metric","Resistor, small symbol","",""
"R42, R43, R58, R60","4","150K","R_Small","Resistor_SMD:R_0603_1608Metric","Resistor, small symbol","",""
"R45, R46","2","332K","R_Small","Resistor_SMD:R_0603_1608Metric","Resistor, small symbol","",""
"R47","1","1K21","R_Small","Resistor_SMD:R_0603_1608Metric","Resistor, small symbol","",""
"R48","1","1M","R_Small","Resistor_SMD:R_0603_1608Metric","Resistor, small symbol","",""
"R49","1","121","R_Small","Resistor_SMD:R_0603_1608Metric","Resistor, small symbol","",""
"R50","1","12K4","R_Small","Resistor_SMD:R_0603_1608Metric","Resistor, small symbol","",""
"R51, R63","2","75K","R_Small","Resistor_SMD:R_0603_1608Metric","Resistor, small symbol","",""
"R52","1","30K1","R_Small","Resistor_SMD:R_0603_1608Metric","Resistor, small symbol","",""
"R53","1","432K","R_Small","Resistor_SMD:R_0603_1608Metric","Resistor, small symbol","",""
"R55","1","562","R_Small","Resistor_SMD:R_0603_1608Metric","Resistor, small symbol","",""
"R57","1","15K","R_Small","Resistor_SMD:R_0603_1608Metric","Resistor, small symbol","",""
"R59","1","56K2","R_Small","Resistor_SMD:R_0603_1608Metric","Resistor, small symbol","",""
"R61","1","22","R_Small","Resistor_SMD:R_0805_2012Metric","Resistor, small symbol","",""
"R62","1","100","R_Small","Resistor_SMD:R_0603_1608Metric","Resistor, small symbol","",""
"T1","1","Transformer_2P_2S","Transformer_2P_2S","LightningReed:RM10","Transformer, single primary, dual secondary","",""
"TH1","1","100K","Thermistor_NTC","Resistor_SMD:R_0603_1608Metric","Temperature dependent resistor, negative temperature coefficient","",""
"TP1, TP2, TP3, TP4","4","TestPoint_Alt","TestPoint_Alt","Connector_Wire:SolderWire-0.5sqmm_1x01_D0.9mm_OD2.1mm","test point (alternative shape)","",""
"U1","1","UCC28056","UCC28056","Package_TO_SOT_SMD:SOT-23-6","","",""
"U2","1","78L05S","L78L05_SOT89","Package_TO_SOT_SMD:SOT-89-3","Positive 100mA 30V Linear Regulator, Fixed Output 5V, SOT-89","",""
"U3","1","LMC7111","LMC7111","Package_TO_SOT_SMD:SOT-23-5","Low-Voltage Rail-to-Rail Output Operational Amplifiers, SOT-23-5/SC-70-5","",""
"U4","1","UCC28780","UCC28780","Package_DFN_QFN:QFN-16-1EP_3x3mm_P0.5mm_EP1.45x1.45mm","","",""
"U5","1","UCC27712","UCC27712","Package_SO:SO-8_3.9x4.9mm_P1.27mm","","",""
"U6","1","LM317G","NCP1117-ADJ_SOT223","Package_TO_SOT_SMD:SOT-223-3_TabPin2","1A Low drop-out regulator, Adjustable Output 1.25 - 18.8V, SOT-223","",""
"U7","1","FODM8801A","FODM217A","Package_SO:SOP-4_4.4x2.6mm_P1.27mm","DC Optocoupler, Vce 80V, CTR 80-160%, SOP-4","",""
"U8","1","TL431DBZ","TL431DBZ","Package_TO_SOT_SMD:SOT-23","Shunt Regulator, SOT-23","",""
"U9","1","UCC24612-1DBV","UCC24612-1DBV","Package_TO_SOT_SMD:SOT-23-5","High Frequency Synchronous Rectifier Controller, 1MHz, Min On Time = 375ns, SOT-23-5","",""
